{
  "x": 64,
  "y": 120,
  "t": 0.25,
  "vec": [
    0.3262326121330261,
    0.10942879319190979,
    0.020877975970506668,
    0.6603721380233765
  ]
}