{
  "x": 64,
  "y": 120,
  "t": 0.5,
  "vec": [
    0.005458630155771971,
    0.002133323112502694,
    0.0006026334594935179,
    0.6587971448898315
  ]
}