{
  "x": 64,
  "y": 120,
  "t": 0.25,
  "vec": [
    1.5569170713424683,
    0.07057223469018936,
    -0.15640322864055634,
    0.5351964235305786,
    -0.15644098818302155,
    1.5430063009262085,
    2.116163492202759,
    0.8212621212005615,
    0.5758402347564697,
    0.09966165572404861,
    0.33447355031967163,
    -0.026877522468566895,
    0.9117185473442078,
    -0.16956865787506104,
    1.556123971939087,
    -0.06416907161474228,
    0.06336268037557602,
    -0.15499012172222137,
    -0.0020817783661186695,
    -0.0,
    2.494929075241089,
    0.19170810282230377,
    -5.381953087635338e-05,
    0.13182170689105988,
    0.09841279685497284,
    -0.0297725647687912,
    0.21808363497257233,
    1.291473627090454,
    -0.16884258389472961,
    -0.06522063165903091,
    0.29052844643592834,
    -0.058085836470127106,
    0.3824220597743988,
    1.5366036891937256,
    -0.16674408316612244,
    1.9892886877059937,
    1.565478801727295,
    -0.14750142395496368,
    -0.0,
    4.213688373565674,
    -0.034864068031311035,
    4.797175884246826,
    0.4419671595096588,
    -0.16029328107833862,
    -0.012247603386640549,
    2.4422607421875,
    1.4943592548370361,
    -0.15816013514995575,
    -0.11522749066352844,
    0.7450949549674988,
    4.453089714050293,
    -0.08941949903964996,
    0.9211276769638062,
    2.2400267124176025,
    -0.05000821128487587,
    0.9349793791770935,
    -0.1475156992673874,
    0.4355575144290924,
    -0.003932096529752016,
    0.433756947517395,
    -0.038436152040958405,
    -0.049151692539453506,
    0.7804977297782898,
    -0.16870947182178497
  ]
}