{
  "x": 64,
  "y": 120,
  "t": 0.5,
  "vec": [
    -0.08113052695989609,
    -0.05117441713809967,
    0.4770798683166504,
    0.6423952579498291,
    -0.13186602294445038,
    3.684705972671509,
    5.789849758148193,
    1.53792142868042,
    -0.08643575012683868,
    -0.1676809936761856,
    0.17393656075000763,
    -0.04922547936439514,
    1.2048590183258057,
    0.9791846871376038,
    1.6624938249588013,
    -0.02972709946334362,
    -0.027633436024188995,
    -0.03882181644439697,
    -0.0,
    -0.03707374632358551,
    -0.05496862530708313,
    0.6034622192382812,
    -0.0,
    0.5688791275024414,
    -0.14442239701747894,
    1.646729588508606,
    0.22730201482772827,
    0.2282421886920929,
    -0.04283672571182251,
    0.014780949801206589,
    0.47807562351226807,
    -0.041511569172143936,
    0.6331647634506226,
    2.6738245487213135,
    -0.04156388342380524,
    -0.06223474070429802,
    1.3860394954681396,
    -0.1308697909116745,
    -0.0,
    -0.12468349933624268,
    -0.1408519297838211,
    -0.13537044823169708,
    1.162537932395935,
    -0.04257003590464592,
    -0.05537688732147217,
    7.974279403686523,
    2.959155321121216,
    -0.13004697859287262,
    -0.0,
    1.3009092807769775,
    0.7164621353149414,
    -0.02120085433125496,
    0.18098804354667664,
    -0.13523520529270172,
    -0.004691616632044315,
    -0.042587850242853165,
    1.6115081310272217,
    3.349839448928833,
    4.065654277801514,
    1.0789234638214111,
    -0.07903183996677399,
    0.3549179434776306,
    0.030406417325139046,
    1.4175509214401245
  ]
}